"0","jakg","bnpe",
"1","mqjy","jrnq",
"2","zvkz","iotj",
"3","xduv","wdqo",
"4","zqgv","pstz",
"5","uxuh","imkr",
"6","uloy","mnmd",
"7","pyky","afew",
"8","shrz","jlud",
"9","eyzy","ketf",
"10","jsjn","wwfw",
"11","maaz","masb",
"12","stgq","ftpb",
"13","guwr","mbve",
"14","oiva","psmu",
"15","jitk","eisq",
"16","jaty","owfh",
"17","wmcl","bkio",
"18","kzdt","hjff",
"19","nlek","wqyo",
"20","ypie","jisy",
"22","mqao","jclp",
"23","llvg","txix",
"24","wkqf","dhwo",
"26","ffqn","imqf",
"27","vqde","ohqm",
"28","ehgl","vhad",
"29","hdfa","tbag",
"30","ispr","ynoc",
"32","sbeu","payt",
"33","yfce","qhwa",
"34","xxtk","lhlo",
"35","zbgj","iupe",
"38","fxde","vlsy",
"39","nnyx","zyds",
"41","kaot","rzxw",
"43","safr","mmme",
"44","holq","ssfb",
"45","peit","ehzp",
"46","qinf","debe",
"48","aaru","ziii",
"49","bngt","epyc",
"50","bgli","jcdo",
"53","dcjj","yino",
"56","cnrr","rxvh",
"57","xych","vnlt",
"58","ylnh","fqkd",
"59","hgrs","zigy",
"60","kjov","elcu",
"61","sbbl","bhwe",
"63","ybuz","vdlw",
"64","ejwp","jmcg",
"65","boty","xgmj",
"66","phxy","fizu",
"67","ptiq","rmhz",
"68","vrrb","rjzz",
"69","tuge","cvgh",
"70","slhq","esfr",
"72","sppd","tjka",
"74","pezi","knws",
"75","bnti","jvlw",
"76","uune","urih",
"77","xhxl","ijtz",
"78","caqa","jgal",
"80","jagl","sdnf",
"81","frrr","akxc",
"82","sxtr","yfcl",
"83","qyfj","ghot",
"84","uhfe","sckf",
"85","gwxn","icyh",
"86","ckog","iusf",
"87","dxxc","lgzx",
"88","hrfb","fltm",
"90","ipcd","dkza",
"92","xjaj","hfcc",
"93","mast","iixs",
"94","gvxm","obcp",
"95","wvct","oxig",
"96","xkdd","mxri",
"97","qpmi","awkg",
"110","stbi","sgei",
"144","dyxs","tdrh",
"150","mqqr","ucuy",
"167","ujjb","rhha",
"176","ydhb","xliw",
"186","fwjb","bytw",
"193","jbca","ipno",
"197","rlqm","gqmq",
"201","mkco","yzbx",
"207","sazx","mply",
"209","yzmt","murl",
"219","fprs","dhec",
"229","ccel","bphb",
"245","dfnp","jajh",
"261","lsrh","gnps",
"269","lpsl","fcyd",
"275","rmxf","mnsx",
"277","gcrd","euqv",
"279","afhd","vnnc",
"281","zuyv","xfwa",
"289","xonh","lvlr",
"319","dtay","qnih",
"328","bsln","txhn",
"335","tiuj","eeue",
"345","epea","nzty",
"351","hknn","varp",
"358","btid","xdpr",
"359","mevf","ozwg",
"360","ufyf","gzfr",
"362","azec","dzjt",
"374","apvd","yayn",
"375","pemu","nfsp",
"382","esfo","fxsh",
"383","dtqg","elxb",
"384","nauk","infa",
"385","scce","cgwv",
"398","jvdi","osxg",
"412","unhf","sads",
"415","cowf","xkcj",
"417","kozx","xxih",
"419","oyim","fmlp",
"425","khnp","nizn",
"429","yjfh","rahq",
"433","lrnr","fhre",
"438","hkxk","avtm",
"454","mcgt","mpab",
"463","eqvc","tedm",
"465","bcgy","heuo",
"475","else","hdqb",
"477","dfxe","nqvk",
"478","svaw","tfdl",
"491","ntmt","plqc",
"499","cbtm","jyrc",
"500","lvrg","dcjx",
"502","heup","nnra",
"506","yufh","ltgw",
"507","yqml","nhsw",
"527","edlj","pmub",
"528","vgqc","zeyb",
"533","wwfr","eozx",
"546","vlmi","efuh",
"557","xdgt","yawq",
"582","asrd","tfde",
"601","ssav","pkos",
"611","tnpb","auuw",
"612","eqlu","iwob",
"629","cokp","ncdl",
"630","fuwe","bdgd",
"654","lzae","cldb",
"659","gglx","pmlp",
"672","tpmo","vgmp",
"682","lbyu","kvde",
"684","aphu","xvlo",
"685","imhl","prlq",
"686","aveb","sydf",
"692","bdgg","vrqy",
"709","qcvz","gdai",
"718","omci","fwug",
"730","urye","kkfc",
"735","ekls","vsrx",
"737","jcrd","bhln",
"743","fntm","psid",
"748","bhse","merr",
"749","itsa","umlv",
"750","qalt","hobo",
"758","wivp","prkw",
"765","sboq","cetx",
"767","erkj","qwey",
"782","dnco","vnwn",
"785","jqky","bzwu",
"790","evxt","tmqj",
"791","tzag","kkco",
"801","meqg","xcxo",
"810","htwi","sqed",
"817","khrz","pfzq",
"820","gbpk","hkse",
"824","jmou","sgae",
"826","vzgp","oxyu",
"833","uqjl","sfto",
"835","okzw","vxqf",
"840","lxtu","oowa",
"846","tuet","fpgw",
"847","srys","aazl",
"849","pyyq","rclj",
"851","xezj","ydek",
"855","zlkf","xedv",
"872","rcvk","xgof",
"877","lway","srat",
"884","peod","akdf",
"891","qlwm","iqkg",
"892","cxjy","rsuk",
"907","fqgv","pzkx",
"911","wdwr","jiih",
"917","eleu","rhka",
"918","nado","hwhg",
"940","wcia","uthp",
"945","zpsm","drvx",
"952","ufgw","yvvg",
"956","vmoj","jjxr",
"963","juur","gxae",
"969","bjuf","wnbi",
"974","dpjg","rwrw",
"978","nekz","igry",
"979","ewak","sblw",
"981","vuif","oybq",
"989","qijw","mlfr",
"1083","mslk","krye",
"1086","luxv","aipy",
"1118","czew","sqji",
"1274","anad","dsgy",
"1336","vfmc","ocfy",
"1393","yofl","tvcw",
"1432","dyqc","ikjo",
"1442","jqzq","vjqi",
"1486","ebgc","fzio",
"1487","algx","gydk",
"1508","hzpr","qdst",
"1577","tsmi","fvsw",
"1586","emgc","hzvs",
"1620","grmd","ucgx",
"1656","ushj","nmen",
"1698","bpzn","nshv",
"1793","mlxg","srnv",
"1846","wgxg","vufo",
"1853","hpwf","heig",
"2022","oavw","bajl",
"2072","merb","jcks",
"2118","xtjp","jzot",
"2129","fqbr","hodx",
"2300","msld","fzfk",
"2596","ckwk","xkpv",
"2692","quol","bkxa",
"2825","cqoj","mntj",
"2903","cmts","oiei",
"2972","jugi","usdy",
"2973","osdm","ticw",
"3007","ycmf","sqqw",
"3009","ifov","omhr",
"3017","jqoi","oeog",
"3076","vqpo","ehno",
"3092","dbfi","kekw",
"3337","wnqt","wtid",
"3456","hsgn","ufjt",
"3485","vxqj","fmui",
"3582","axuz","szfq",
"3692","eurl","luqo",
"3792","vppm","yxtz",
"3963","beiu","baeb",
"4017","riio","xibs",
"4165","txmx","dbfq",
"4221","snxe","wslm",
"4228","mfmx","iliu",
"4243","djtg","ntba",
"4279","dlnb","xyrk",
"4296","ymsy","hleg",
"4367","wggu","dpij",
"4381","iqmn","xgmw",
"4603","ajbz","dyxa",
"4754","ytvy","vprz",
"4760","nfta","jkff",
"4767","powx","mnll",
"4778","ndcw","xgqw",
"4869","dcdw","lcqi",
"4871","ykii","qams",
"4927","hjxt","houv",
"5018","cyza","fhdb",
"5035","gmxn","mqdm",
"5175","xumx","hixf",
"5177","ppfn","mcfz",
"5214","hzmh","ehec",
"5307","czav","jclz",
"5310","kycu","wcvy",
"5461","odnq","pvnz",
"5570","lgzt","ewbh",
"5797","zkld","fqzi",
"5906","zodo","hkhh",
"5965","lyko","zeew",
"5988","hqas","ijvr",
"6006","vbdt","xeby",
"6060","nyyh","grtb",
"6098","ndop","cgch",
"6149","dotq","crwv",
"6155","nnmd","kllb",
"6163","wzkb","xymf",
"6189","knfd","mzei",
"6272","yupj","yzna",
"6469","oeza","fkor",
"6555","otfh","nylg",
"6571","zlla","acik",
"6574","qkab","woim",
"6653","akuh","qpyn",
"6707","xgsz","qlio",
"6725","zxac","picm",
"6754","zrlx","utkl",
"6776","fsaj","cjmh",
"6873","zawe","tfwy",
"6919","ssee","dxki",
"6992","jgai","nudv",
"7015","rsbt","bmxk",
"7153","qqxx","mwnm",
"7168","htnh","dbkm",
"7306","qfir","nvmu",
"7622","mkpp","vafj",
"7638","dons","fpof",
"7829","ryou","pnxd",
"7860","wgyu","rdtj",
"7874","tobb","myaj",
"7932","nhue","draq",
"7955","zsgn","uhgx",
"7969","jbkh","ifyd",
"8024","qaax","vhsn",
"8057","hmyp","wnyr",
"8065","eyzx","rzpv",
"8149","pxbw","uaax",
"8361","ldku","zlmy",
"8386","lbty","xyhj",
"8387","gvup","npqa",
"8434","dphy","mlsg",
"8524","bxel","kyhc",
"8552","bncw","xsyb",
"8737","hgkd","dbko",
"8856","kcfe","neuk",
"8978","yprl","uoro",
"9113","hero","fyjm",
"9217","mhzq","imtm",
"9471","hulh","ymgf",
"9492","gzwr","jurk",
"9599","psfa","hrad",
"9601","pnwv","accy",
"9633","slvl","wlrx",
"9639","ltqb","bfnl",
"9768","owno","hdzr",
"9793","scti","gdvl",
"9947","jyum","yhob",
"9966","ycvc","dejm",
"9996","rlfb","zlyg",
"10546","dqwn","gdgx",
"10655","otvb","qxyh",
"11177","qzvw","sjwj",
"11384","pkyo","jvzv",
"11581","gyva","svxg",
"11847","lwia","kjku",
"12810","szeu","nckx",
"13008","ocot","iagm",
"13665","gdff","aunp",
"14144","tjca","kwpk",
"14961","ekiz","zndv",
"16035","sqeq","mzzl",
"16445","xqbt","kdnd",
"16680","ujph","ydgo",
"16940","cqze","rpgk",
"17242","cbwe","dvdd",
"17660","rpet","clcu",
"18047","guni","sksc",
"18262","gnll","mhfr",
"18585","ujxr","mwlw",
"20221","katl","xbhp",
"21032","jgjx","ikwe",
"21318","qhob","vnkc",
"22005","fquf","hpck",
"22371","rerh","lmtx",
"24101","ihor","haof",
"25298","bint","mbwz",
"25418","dkhk","qvug",
"25982","avst","nqyf",
"26611","hqtg","bdwe",
"30755","xkpy","mhrj",
"31115","paxl","ioyw",
"31352","hpim","qgay",
"32597","klfr","xnii",
"34253","wdxq","mcix",
"34266","bbli","qnzn",
"34456","hqqa","egkz",
"35305","jndf","ksgz",
"35445","eijl","imtp",
"35519","opvm","mkfv",
"36120","gbiw","okjf",
"36511","yhok","sgwn",
"36964","qdmw","kjva",
"37005","eopv","qlmu",
"37144","kduh","azbb",
"38012","unhx","pyuk",
"38520","uapu","shus",
"39506","sifn","kvoy",
"39651","dgwq","uhzv",
"39753","frnb","fazo",
"40655","xjys","wmik",
"40670","oeyr","tfoa",
"41380","vguj","tirz",
"42061","ttmf","vmsh",
"42067","ibpc","sobk",
"42260","aect","qcxn",
"44177","zygt","ygbr",
"45167","ooka","enhj",
"45441","zrkq","atym",
"46155","ojzj","vhqk",
"46484","eufh","kaxr",
"47170","qnnp","txlj",
"49419","tdpp","fldw",
"49428","ptcr","pjxe",
"50290","hetn","ovzm",
"50428","hdjj","rnwq",
"50556","qros","dcng",
"50868","gdpu","fgmi",
"50903","wwig","blxj",
"51489","jbax","napm",
"51512","yyed","snkn",
"52423","vdlh","ikyw",
"52791","zrhj","fefl",
"55465","dcif","xzxn",
"56450","lcsc","acyc",
"56464","uydr","zhtc",
"56941","brrl","xazn",
"57504","nwqw","tnbz",
"58528","flvd","gfil",
"58820","suee","txrl",
"58912","cfsd","kswf",
"59080","zxxm","jfje",
"59468","nlug","rdbb",
"59556","kbwb","skkz",
"59665","hpld","vesk",
"60429","nxyk","btln",
"62675","vypk","mqnl",
"63046","cato","ylaa",
"64597","xefl","zhrv",
"64625","njsz","keiy",
"66446","idax","iuwa",
"66505","yypk","sxet",
"68417","kjbe","nlwu",
"68499","tpqb","xqvy",
"68799","omgd","ecbd",
"69241","ozpb","bxtp",
"69955","vebs","rhsi",
"70532","vtni","dlcz",
"71002","ipao","mbyq",
"71335","jgns","kwcx",
"71398","juol","qase",
"72655","ugmb","qhkk",
"73964","ahlu","cpfx",
"74192","xnhy","ggho",
"74536","puyr","kiqq",
"75211","kjsj","hqfe",
"75769","tntv","evis",
"76716","xqpe","sghw",
"77011","abug","orqn",
"78223","kjdh","gdns",
"78598","faww","ktlj",
"78996","apmh","qfru",
"79678","japt","jxlt",
"79975","dqtl","mudu",
"80187","czkt","tcuv",
"80794","nzpg","ggjz",
"81897","xtzs","wvna",
"81902","myua","vcmw",
"82482","akru","uivl",
"83911","alkk","nedl",
"84024","evua","jsus",
"84042","xvkr","owmw",
"84934","djjh","ycob",
"85619","dwox","fcfv",
"85799","inrk","izdj",
"86808","apkc","zjnr",
"87005","ygyx","rdrm",
"87719","hcpm","gcug",
"87908","xjal","tpca",
"87932","kgoc","xurn",
"88770","yzbb","icbk",
"90152","bdvd","giyy",
"90690","mdaw","valw",
"92679","dxvj","bzmn",
"93208","pwbi","gwfg",
"94163","mioo","ksti",
"94840","zogk","ezbv",
"95076","ubli","uzzc",
"95643","epdp","zjgk",
"96395","imdy","ztpv",
"98360","orig","oenw",
"98362","yfld","zpai",
"98599","rumj","olps",
"98817","wwjl","lzhu",
"101786","uxeq","ixxp",
"113630","xwdi","mxit",
"134172","yzzc","esgi",
"138107","nqbj","kmxv",
"151778","ttcp","qala",
"152340","rluv","nqyn",
"180971","xuqv","pimo",
"188400","qqql","qzli",
"189712","fzrg","jdiy",
"198887","sdwh","qcxn",
"201073","cmpx","iqiw",
"220277","gcwr","iete",
"222418","bwvu","tinr",
"224755","yykm","jdpw",
"241396","pufq","ieqk",
"245609","bkpg","smxc",
"281401","aivt","qeai",
"282041","pygl","uwrt",
"282288","uhxi","nxbt",
"283799","aneo","bmlh",
"283822","ogxh","ddds",
"290496","omad","gvzl",
"297036","sjyc","kmhi",
"303548","qlub","dftb",
"308563","ggmy","ckmh",
"317258","hwbs","cjsl",
"324619","hfvg","netv",
"326221","cpus","vyon",
"326760","cwwu","znqj",
"327676","wobz","ixmf",
"328976","yrgb","pory",
"330306","zdfj","rvsj",
"334302","szqp","usqb",
"362412","njqp","qyrj",
"367350","guuf","eqgq",
"369345","owse","blfq",
"391047","xyir","wrib",
"391946","fqpf","psvv",
"397793","pyiq","drwz",
"406949","rpav","seau",
"409317","zydj","sbtv",
"417379","tgmx","bzds",
"418304","ebhu","thwk",
"422278","mulg","xhdi",
"423830","hrsq","vgif",
"424174","tvik","rsie",
"425212","ciho","dmlj",
"429350","zmjq","hrrx",
"431545","nfgx","cswk",
"438821","bvte","sdff",
"438901","wfbv","fmvf",
"443908","gyeu","otzh",
"444318","hhst","yopq",
"457192","lcpr","cfcy",
"465337","wqfm","vbxv",
"478218","xdca","ywsh",
"479877","skhm","tfht",
"481138","daac","rukt",
"484760","ohrb","raoj",
"487508","zywk","nbkv",
"491445","mfpj","rttp",
"494932","kiur","yzls",
"500870","dzqe","woyq",
"521830","jjtq","wkup",
"524038","gqmg","lxvv",
"529465","knft","bxwf",
"542323","yata","tcwl",
"544455","bdfk","zpco",
"545662","umua","jkku",
"555754","mamb","kpnr",
"556471","zyfy","cbjj",
"564990","xsua","oedt",
"583948","rjnk","nvid",
"589508","aqbu","kwru",
"592520","ivzc","anwn",
"596085","kjsi","mydj",
"602266","hyal","hftg",
"615534","ywel","vuoe",
"627810","uybo","xusr",
"630241","ixjg","pgya",
"639793","fmfz","boaz",
"652940","ltdf","mtls",
"653488","vzlc","kjvh",
"657507","pmvp","qxhb",
"682256","qsgx","rsic",
"688728","nejr","uany",
"720933","hnbm","glfd",
"725994","nlzu","wcew",
"736682","ysll","ruiv",
"761362","ddhx","earg",
"783224","ibub","nhkn",
"790284","gopu","ylkl",
"792987","ivfa","tprm",
"799278","ujja","sdkp",
"801334","ewar","licm",
"820438","ohop","gwvq",
"824816","dcba","ideu",
"844234","mzlj","zomp",
"849410","bljm","tngn",
"855296","qusp","brdl",
"860316","fhon","armj",
"861481","krsb","vaiu",
"889971","ulgd","cchg",
"895312","gjaq","gxlg",
"901632","ouhd","thum",
"934436","icdy","hfys",
"949574","mhgv","gqbi",
"952656","ssxt","cfki",
"959577","cbar","hfeq",
"970411","vedb","offh",
"970710","vbqs","ztav",
"984139","zqgd","bmes",
"987551","yiev","qeef",
"1199709","ufbz","ucrh",
"1245510","sfri","jgiv",
"1246468","sssn","bipe",
"1286699","lmfg","xyhm",
"1328760","gtqn","vfba",
"1517255","akot","ztzd",
"1518037","dyuk","vhfy",
"1535411","jisb","eayv",
"1579143","iglq","mpke",
"1701733","leeo","pmyh",
"1702478","vsnj","xvvj",
"1835847","ovsn","zsao",
"2037339","azte","join",
"2067472","gnro","wkva",
"2156105","bmqd","yjwf",
"2363951","lhle","wira",
"2369017","ccpo","gtrf",
"2434141","mgwr","nmrl",
"2464967","ktca","vlep",
"2502056","ekee","evdc",
"2572431","ysyb","hlou",
"2603831","eyab","qncb",
"2635551","uuwy","payc",
"2662074","fdjd","lcvh",
"2672331","ssqy","sgjx",
"2793205","mlyr","read",
"2817307","gphk","qtnu",
"3029639","enup","fbfm",
"3080514","afix","untv",
"3143808","pjwk","eiro",
"3152682","mtjq","avqx",
"3195921","qmvk","suxz",
"3239573","xywf","dlqk",
"3243917","tqpu","hhho",
"3315946","izom","ktfl",
"3384417","nfwa","dzul",
"3402220","dzvh","gfvj",
"3407175","vhzw","ywwx",
"3410104","xyaq","zknu",
"3428406","vbrb","pnlt",
"3429762","mulg","blbg",
"3529456","uinz","lsph",
"3591311","bhgo","dhfm",
"3600603","ykfg","zgsq",
"3612480","eihr","fmau",
"3702645","wrni","lwau",
"3893822","fgss","svtk",
"3900607","gctu","tmzi",
"3911179","xlgx","bqxp",
"3941911","gvdw","stmh",
"4249530","hugy","ggau",
"4289602","lwfc","uoib",
"4298457","akyi","nzdx",
"4319118","qskp","mxle",
"4333222","cdjw","ziow",
"4739985","ibmc","lukh",
"4816470","gzax","visb",
"4920606","flfz","blke",
"5092350","mmnb","sctx",
"5209830","wqqh","nymi",
"5289805","zkck","qzew",
"5373718","uftm","zecn",
"5432443","mvoo","fnsf",
"5441177","scdd","gmpw",
"5449975","hqid","uoup",
"5667994","htwo","wowk",
"5825291","qpuz","jxyb",
"5848256","iqok","nels",
"5878415","fqrx","ytvh",
"5923942","bfwg","kwxm",
"5924910","zlyp","cmpo",
"5946285","dsua","aett",
"6005768","osly","hegq",
"6071197","xxra","trgm",
"6072820","azwe","qleo",
"6101467","ofbm","oliu",
"6104449","vsjs","fnkw",
"6575123","hrrj","tfdc",
"6599592","pxul","qasm",
"6658750","frmc","adua",
"6663469","pypx","edmo",
"6734377","vspi","vzlf",
"6751498","nago","hwrv",
"6760908","bast","ryuz",
"6868225","ggzo","jily",
"6996883","deih","qybn",
"7017626","iuiv","yler",
"7098616","xyfh","xguc",
"7107125","qatm","frmh",
"7165330","blhi","ogkl",
"7169008","jkwm","bpoj",
"7241890","aqnf","jdwi",
"7321644","tiks","yxhd",
"7380987","prlq","jnrx",
"7429514","ynok","ujce",
"7459937","dsaa","efhn",
"7517575","qfpm","ztvp",
"7602965","lznz","omkf",
"7700388","krzg","ndum",
"7708967","xnjc","fiwa",
"7721755","iuqb","rfax",
"7803031","wcuy","rrhp",
"7825461","avnr","rcse",
"7894789","gyvp","iftt",
"7941459","udox","yydj",
"7986947","evfr","iiii",
"7994661","osug","bdti",
"8015437","thpt","vkyj",
"8035161","avfp","asiy",
"8126598","qvxv","zhqo",
"8187516","jriy","opqi",
"8214210","iytw","jbau",
"8226033","wvwr","nvwh",
"8344022","ddaq","rcka",
"8388260","hsuj","thsm",
"8476377","dbbb","ggyq",
"8483920","znrt","fdit",
"8509993","vljv","jysk",
"8548924","ipnj","yygt",
"8801151","sibs","crzd",
"8895430","fkyw","nvso",
"8911748","rbjx","kwjf",
"8998103","npsp","wtyy",
"9025848","sbxl","qvvd",
"9197651","jrhc","abys",
"9273429","gbfe","vhnp",
"9298748","nruh","epqd",
"9338864","nxho","tvjc",
"9370148","azfc","psod",
"9437372","tuhp","tgch",
"9506640","theu","lpov",
"9590741","ugvz","agmp",
"9774183","arko","iciq",
"9788134","zjrb","pbcr",
"9893918","sgfx","mndp",
"10188528","kvno","uoqx",
"10630361","ovqh","dxhk",
"11618094","fzhl","cwsh",
"13933677","dqjm","abnm",
"15984176","judj","ppep",
"17667425","iool","puoc",
"17894988","eotq","rfyc",
"19209561","ezwx","thmf",
"19765628","ltwo","djji",
"20514008","tdlj","vfhi",
"20703350","kyxk","xrwp",
"20744104","hqmn","znim",
"21619478","yasz","gdzn",
"23589308","culd","wyer",
"24140474","tgjs","csie",
"24496791","zqnd","gzbi",
"24787627","leve","kvao",
"25619259","yoly","fnkt",
"26085643","gzqq","cmhj",
"26983810","uwhl","lptu",
"27461905","lsxb","qdvo",
"27934346","hzoz","wdpx",
"28418765","iivw","iqqs",
"28596424","cpmf","wchn",
"29662049","hoaf","qzmj",
"29866267","ltih","sfsf",
"29945380","leme","txee",
"30148306","fpvn","ezha",
"30537879","nwgc","adpw",
"30958511","jwvn","eaqn",
"31043209","wypj","wqvs",
"31431588","plha","hbku",
"31718036","uhfu","yoye",
"32275487","gvqo","autj",
"32682484","nebb","bunj",
"34326485","yrcj","fqqg",
"34349320","mrms","tdkg",
"35574883","lpwq","btsf",
"35693567","dpzl","lofs",
"35753319","lrhg","xeiy",
"36519395","cedf","aedu",
"36609697","jsxc","zlrg",
"36794754","rfhq","lqqd",
"36814073","mmlw","xvhq",
"37398094","srhn","yvvd",
"38049194","iniw","efig",
"38238072","syqx","lsul",
"38630241","fozb","fjzl",
"39155847","uinj","eing",
"40506594","wcyb","dmqm",
"41254054","lqio","jpxs",
"41452310","joim","abvh",
"42514302","frnx","geue",
"42773932","odpg","bxwf",
"43897779","pxev","ykwp",
"44209792","dnmy","stha",
"44566441","zfdi","mmvf",
"44719390","qkvs","uygx",
"44920401","ldlz","rwch",
"45357194","rhpl","dzvg",
"46034638","jtik","fjrr",
"46087642","sxzi","tigk",
"46491402","ojfc","ecvh",
"47440908","ahhy","qhpd",
"47844735","hkkd","dsai",
"47868297","rfri","dcpl",
"48877428","rdai","jjvw",
"49082381","akcd","gedu",
"49165521","mail","tpmj",
"49701344","yiuf","ptcm",
"50403185","rjsc","fkdk",
"50455943","kptt","jbvb",
"51190873","mwnx","msux",
"51314027","lgoc","ivyp",
"51436153","wxmz","qbpa",
"53776701","xtif","opie",
"54734825","lrmg","hsok",
"55359270","nnjt","xndu",
"55552312","glet","afvc",
"56589751","yxec","qofr",
"56947514","vzer","kkfy",
"57660423","ohfj","sfxf",
"57924823","zlbd","okdi",
"58112325","mkyu","vjkb",
"58718886","eiis","efuh",
"59232034","eikz","pxzp",
"59389438","ljdz","sqdz",
"60355047","ancv","yxfl",
"60531274","sqhg","arnk",
"61545753","ihlg","jwsd",
"61865528","kngz","ocmg",
"62230998","pzar","kvsv",
"62943740","gffu","wrzr",
"63455893","liwf","lyju",
"64041440","ykmy","syva",
"64159436","frye","baul",
"64727007","pycl","jlza",
"66507975","txhj","fayo",
"67030067","ccov","xrgo",
"67242782","sxho","uevw",
"67604694","debx","jezp",
"70885541","ncji","zeiu",
"72707023","vwbo","moli",
"73081302","iaxl","uilr",
"74171206","hkuf","gugg",
"76360663","lfdd","lgis",
"76387097","byfx","ihsy",
"76732412","dsui","fcct",
"76798968","xzxt","esdi",
"77150171","ozfy","vjsa",
"77160270","zmod","eqnz",
"78762056","vthj","iadg",
"79694079","ewzc","tgyl",
"80063437","qexr","sugj",
"80346838","wwel","tzcw",
"80720330","qkxr","qvbf",
"81080189","blga","awiq",
"81513003","dbyc","olyr",
"81888607","zhpy","thpe",
"83546851","xpfc","btuv",
"83606293","pvnu","bssi",
"84033055","qgoo","rbah",
"85760716","ngmt","tigv",
"86222787","rram","ngmk",
"86667966","bznd","dyju",
"86739772","tkro","agnx",
"87506404","nwac","tnpx",
"87709851","ceen","qnmv",
"88458344","bpjp","cjvh",
"89311981","gziq","efiq",
"89447130","dore","tlrx",
"89450544","duzb","cfdr",
"89543925","nkgq","wbae",
"89778130","izqg","kgwx",
"90551278","qyrg","blko",
"91316522","lsxe","magb",
"91355805","grhl","xjlj",
"92041694","tnrj","nskf",
"92626170","vvbe","ifwb",
"92937960","sjjm","qgtz",
"92979191","ijav","giue",
"93637447","hsmu","lhuy",
"94314247","knyu","oydk",
"97491039","tfbc","vfig",
"99035216","xvbb","tzwr",
"99979908","rgih","snbs",
"111458313","rxuo","mojz",
"122723679","eata","mjkz",
"124271489","ncsw","vpij",
"124863997","ewbb","ifaa",
"129860627","xwpp","dioc",
"133111829","mxvz","twvw",
"142475211","rtmw","gruo",
"155304413","ckgv","giiq",
"173617283","tcuy","vbtw",
"195412887","hnuv","bbmy",
"200012390","xzji","hwoq",
"204872027","vlzx","lflz",
"205956149","yfqr","jrac",
"211913414","mpkq","unfc",
"228457708","spic","fjkg",
"242389181","cnqj","ocsb",
"252191684","tgcz","ihmk",
"255639396","vggs","dtcf",
"258675420","ncby","qwnn",
"261356442","ckgn","ktqr",
"270019345","nyfa","dqdc",
"273969156","dnco","suhy",
"275037894","xmyf","ilzi",
"283156164","qqia","kgfc",
"284833616","wmvw","mzmh",
"289930314","ojss","beoq",
"290656865","zbuf","lurl",
"291152495","qtqy","sygy",
"298257154","jqug","shrs",
"301879006","zsdn","wpmw",
"308567146","kzrq","xond",
"316177820","xxvj","dvrg",
"318622230","dcsg","mrcj",
"321039699","mihg","eltn",
"321478467","rsgz","koxb",
"329033435","txwd","reti",
"329593088","tugx","pkjb",
"355002055","zwur","rhrf",
"384991348","ujxe","cfwq",
"386176271","soaq","nmro",
"387414317","uryn","nyoa",
"388118414","bxgn","orgu",
"389571628","nvhw","ihlw",
"395127605","wiww","vqap",
"406237354","slzq","ouqd",
"431601022","xfhl","dtrs",
"456428076","xpzm","brhg",
"457036213","ehle","jzye",
"469603068","hoao","zjyc",
"474454210","txco","aawu",
"486795242","dozv","mxmb",
"488108801","vzwh","vzpe",
"491973560","hbtd","amcu",
"494283330","cmde","vnui",
"496080418","joqu","ktvl",
"497187818","puqf","xxfp",
"499078413","fmdc","fzhr",
"500111187","utrr","hklt",
"501254368","zsju","rlge",
"503941067","smjb","amkn",
"516683517","qzyk","posc",
"522448118","ktpx","oikk",
"529851574","ngwt","cjrp",
"530077386","hmkt","jdvf",
"530184712","cdzx","gawr",
"539311365","qajf","mscj",
"539342511","qwwo","eput",
"550986668","srln","wovj",
"553411190","dsmu","xgkr",
"558809712","nuai","ijwd",
"560497646","rbnq","otre",
"560668492","nlmd","btpl",
"561273652","aiwh","frjl",
"562216751","zrdh","rumz",
"574375112","fwbt","xydt",
"591935034","dqov","vqzl",
"593889834","feml","agmj",
"611817100","olqh","amzw",
"614466457","pkyt","udaf",
"618090476","bcem","fqte",
"619870084","bsws","uftn",
"621963186","qqkl","uekw",
"624321071","jueb","xcny",
"625075391","qsjy","mgvw",
"626474893","ptfe","xcvx",
"651162414","cgxc","tbxd",
"654746005","yqmv","nwhu",
"662466884","cvap","uzdg",
"665859554","tali","zkfc",
"665872828","rsdp","ckzg",
"672042126","jwjw","uvpt",
"689553375","lgwo","nfyp",
"691265876","jims","vvdi",
"694421584","rcsw","lbee",
"695778779","sdcq","cogv",
"701825452","gulo","kkxx",
"703660176","iwph","yxdk",
"708671395","pufk","trqf",
"717453287","duhg","adcu",
"720530408","xnhe","zgxi",
"722906127","mltf","jkob",
"725854594","tlmj","gapu",
"726859474","nykm","gjdc",
"729043112","lzjq","vfbd",
"743760803","iivc","jtyy",
"749490725","smtw","qrej",
"767359568","cqgq","glix",
"787236917","kquj","yoqu",
"803057255","cnje","jlcf",
"814554970","etan","cofa",
"818730663","jewx","zoyb",
"828531932","fsqv","zfnt",
"828753329","shva","hfji",
"841520764","lynr","jpip",
"842227072","trdm","atul",
"850370106","hzvu","ehpp",
"858348032","dgcc","yaum",
"868754032","ewbx","gxgz",
"894681809","aabw","zntw",
"953904147","ybmm","mxkd",
"960718572","enlz","fxys",
"961285587","neww","doxk",
"966729625","eeaq","ifwt",
"978438423","mwhl","hwbd",
"978860400","wnpt","lqiu",
"992736332","lmdq","mgph",
